{"loss": [1.1605024337768555, 0.757489800453186, 0.47321897745132446, 0.30327558517456055, 0.2191581130027771], "mae": [0.8215104937553406, 0.6780163049697876, 0.5311248302459717, 0.42594555020332336, 0.3610779643058777], "val_loss": [0.8252062797546387, 0.7319676280021667, 0.7514414191246033, 0.7768508791923523, 0.8024526834487915], "val_mae": [0.7245519161224365, 0.6623818278312683, 0.6710588932037354, 0.6768411993980408, 0.6943252086639404]}