{"loss": [1.1224437952041626, 0.757855236530304, 0.4801415503025055, 0.30388718843460083, 0.2005859613418579], "mae": [0.8118111491203308, 0.6775788068771362, 0.5346190333366394, 0.42555493116378784, 0.34597647190093994], "mse": [1.1224437952041626, 0.757855236530304, 0.4801415503025055, 0.30388718843460083, 0.2005859613418579], "val_loss": [0.7831481695175171, 0.7348225116729736, 0.7576209306716919, 0.7835557460784912, 0.7874094843864441], "val_mae": [0.6743506193161011, 0.6565224528312683, 0.6697269678115845, 0.6832963228225708, 0.685272216796875], "val_mse": [0.7831481695175171, 0.7348225116729736, 0.7576209306716919, 0.7835557460784912, 0.7874094843864441], "learning_rate": [0.0010000000474974513, 0.0010000000474974513, 0.0010000000474974513, 0.0010000000474974513, 0.00020000000949949026]}