{"loss": [1.1721467971801758, 0.7670684456825256, 0.47476863861083984, 0.3057074546813965, 0.20334607362747192], "mae": [0.8285220861434937, 0.6834914088249207, 0.5323241353034973, 0.4277876317501068, 0.34823474287986755], "mse": [1.1721467971801758, 0.7670684456825256, 0.47476863861083984, 0.3057074546813965, 0.20334607362747192], "val_loss": [0.7660224437713623, 0.7302322387695312, 0.7612366676330566, 0.7883825898170471, 0.791083574295044], "val_mae": [0.6751115918159485, 0.6553781032562256, 0.6750355958938599, 0.6852951049804688, 0.6901469826698303], "val_mse": [0.7660224437713623, 0.7302322387695312, 0.7612366676330566, 0.7883825898170471, 0.791083574295044], "learning_rate": [0.0010000000474974513, 0.0010000000474974513, 0.0010000000474974513, 0.0010000000474974513, 0.00020000000949949026]}