{"loss": [1.1585180759429932, 0.756902813911438, 0.4706750810146332, 0.30039656162261963, 0.19904620945453644], "mae": [0.8205591440200806, 0.677707314491272, 0.5301378965377808, 0.42454513907432556, 0.3443636894226074], "mse": [1.1585180759429932, 0.756902813911438, 0.4706750810146332, 0.30039656162261963, 0.19904620945453644], "val_loss": [0.7748031616210938, 0.7441961169242859, 0.7556703090667725, 0.8152964115142822, 0.7855014204978943], "val_mae": [0.6848282814025879, 0.6576326489448547, 0.669268786907196, 0.7089905142784119, 0.6853571534156799], "val_mse": [0.7748031616210938, 0.7441961169242859, 0.7556703090667725, 0.8152964115142822, 0.7855014204978943], "learning_rate": [0.0010000000474974513, 0.0010000000474974513, 0.0010000000474974513, 0.0010000000474974513, 0.00020000000949949026]}