{"loss": [1.2143982648849487, 0.7796915769577026, 0.4940263330936432, 0.32093775272369385, 0.23036645352840424], "mae": [0.8392246961593628, 0.6901892423629761, 0.5440577268600464, 0.4397527575492859, 0.3714306950569153], "val_loss": [0.7811719179153442, 0.7502367496490479, 0.771053671836853, 0.7914564609527588, 0.817602276802063], "val_mae": [0.6886681914329529, 0.6750974655151367, 0.6746363043785095, 0.6897464990615845, 0.6995660066604614]}