{"loss": [1.177935004234314, 0.7609766125679016, 0.47338324785232544, 0.30563169717788696, 0.2054140865802765], "mae": [0.8244071006774902, 0.6794747710227966, 0.531255304813385, 0.42728930711746216, 0.3501054644584656], "mse": [1.177935004234314, 0.7609766125679016, 0.47338324785232544, 0.30563169717788696, 0.2054140865802765], "val_loss": [0.7708687782287598, 0.7340427041053772, 0.7658211588859558, 0.7975311875343323, 0.787558913230896], "val_mae": [0.6828056573867798, 0.6582505702972412, 0.6786820292472839, 0.6927332878112793, 0.6821750998497009], "val_mse": [0.7708687782287598, 0.7340427041053772, 0.7658211588859558, 0.7975311875343323, 0.787558913230896], "learning_rate": [0.0010000000474974513, 0.0010000000474974513, 0.0010000000474974513, 0.0010000000474974513, 0.00020000000949949026]}