{"loss": [0.7155713438987732, 0.5999400019645691, 0.5485562086105347, 0.5135999321937561, 0.48825281858444214, 0.42884722352027893], "mae": [0.6412304639816284, 0.5808087587356567, 0.5508460402488708, 0.5290947556495667, 0.5126374363899231, 0.47067850828170776], "mse": [0.7155713438987732, 0.5999400019645691, 0.5485562086105347, 0.5135999321937561, 0.48825281858444214, 0.42884722352027893], "val_loss": [0.647609293460846, 0.6195059418678284, 0.6128828525543213, 0.6205278635025024, 0.6247668862342834, 0.634041428565979], "val_mae": [0.6095274686813354, 0.5954691767692566, 0.5911288857460022, 0.5943410992622375, 0.5994032025337219, 0.601423442363739], "val_mse": [0.647609293460846, 0.6195059418678284, 0.6128828525543213, 0.6205278635025024, 0.6247668862342834, 0.634041428565979], "learning_rate": [0.0010000000474974513, 0.0010000000474974513, 0.0010000000474974513, 0.0010000000474974513, 0.0010000000474974513, 0.00020000000949949026]}